<?xml version="1.0"?>
<ruleset name="clarkson_core">
 <description>Level Level Clarkson Core ruleset</description>

 <file>./lib</file>
 <file>./wordpress-objects</file>
 <file>./clarkson-core.php</file>

 <!--<arg name="report" value="summary"/>-->
 <arg name="colors"/>
 <arg value="sp"/>

 	<rule ref="Squiz.PHP.CommentedOutCode"/>
 	<rule ref="Squiz.WhiteSpace.SuperfluousWhitespace"/>
 	<rule ref="Generic.CodeAnalysis.UnusedFunctionParameter"/>
 	<rule ref="Generic.Commenting.Todo"/>
 	<rule ref="Generic.ControlStructures.InlineControlStructure"/>

 	<rule ref="WordPress-Core">
 		<exclude name="WordPress.WhiteSpace.ControlStructureSpacing" />
 		<exclude name="WordPress.XSS.EscapeOutput" />
 		<exclude name="WordPress.Files.FileName.InvalidClassFileName" />
 		<exclude name="Generic.Files.EndFileNewline.NotFound" />
 		<exclude name="Generic.CodeAnalysis.UnusedFunctionParameter.Found" />
 		<exclude name="WordPress.Files.FileName.NotHyphenatedLowercase" />
 	</rule>
</ruleset>